epoch,loss,val_loss
0,0.019808733934338373,0.015659689949593734
1,0.01625694149517464,0.01487623738004497
2,0.01590807322707136,0.014631002909730916
3,0.015533454658831027,0.014195847857873239
4,0.015339013908867445,0.014231434685006664
