epoch,loss,val_loss
0,0.4694552663957101,0.3157183926793473
1,0.3109632615132145,0.3229019859833504
2,0.3034252555532046,0.3285024587194718
3,0.3648451318188936,0.3544971552950826
4,0.5453972908822957,0.9332305614034928
