epoch,loss,val_loss
0,0.019462635742955942,0.017580073456562574
1,0.016140010045619952,0.015959135307675572
2,0.015422932448951666,0.01626010546785089
3,0.015178941550717341,0.016205967510517557
4,0.014880547287231212,0.015747573087686925
