epoch,loss,val_loss
0,0.012543218526768997,0.014336809039866524
1,0.011001108699914603,0.01153970007154516
2,0.01038979876765607,0.010831153190541846
3,0.01001626355475013,0.01095130861695133
4,0.00970679904579393,0.010833085130029056
