epoch,loss,val_loss
0,0.021697525553957007,0.016718723690739616
1,0.01741782948142932,0.016206691592968815
2,0.016663368081983456,0.015515529726682907
3,0.013868955632193012,0.010692393865936728
4,0.011672850590438003,0.010382536390972376
