epoch,loss,val_loss
0,0.12191813766919239,0.021603637611243263
1,0.01961204348283854,0.017416477379440076
2,0.017736243720409214,0.01749267772915055
3,0.017031608070591703,0.016480771565244565
4,0.016729355521393475,0.016658726560683988
